{
  "0": {
    "xyz": [
      0.0033649036544757807,
      -0.0008463919610102931,
      -0.010762399480457829
    ],
    "quaternion": [
      -0.005651546072644594,
      -0.005566720073539783,
      0.000532585203192069,
      0.9999683935043212
    ]
  },
  "1": {
    "xyz": [
      0.0,
      0.0,
      0.0
    ],
    "quaternion": [
      0.0,
      0.0,
      0.0,
      1.0
    ]
  }
}