{
  "0": {
    "xyz": [
      0.002022726335842854,
      -0.016877009679367398,
      -0.0041701020368088764
    ],
    "quaternion": [
      -0.0070597867975019084,
      0.0014903585756858647,
      0.014002591289041659,
      0.9998759251421556
    ]
  },
  "1": {
    "xyz": [
      0.0,
      0.0,
      0.0
    ],
    "quaternion": [
      0.0,
      0.0,
      0.0,
      1.0
    ]
  }
}